290183907	20140319	201403	2014	2014.2164											CRM	ABDUCTOR						CRM			1	181	181	18	4	-9.0	5	1	5	2.31481481481481	0							1	Micronesia	FM	FM	6.9167	158.25	FM	1	Micronesia	FM	FM	6.9167	158.25	FM	20140320	http://www.thisdaylive.com/articles/kidnapped-wazobia-fm-presenter-akas-baba-regains-freedom/174197/
290183927	20140319	201403	2014	2014.2164											IDN	CENTRAL JAVA	IDN								0	173	173	17	4	-5.0	7	1	7	2.55754475703325	0							5	Central Java, Jawa Tengah, Indonesia	ID	ID07	-7.5	110	-2679924	5	Central Java, Jawa Tengah, Indonesia	ID	ID07	-7.5	110	-2679924	20140320	http://www.scmp.com/news/hong-kong/article/1453426/indonesian-helper-charged-killing-hong-kong-born-socialite-singapore
290183964	20140319	201403	2014	2014.2164											NZL	NEW ZEALAND	NZL								0	173	173	17	4	-5.0	4	1	4	0.867052023121387	0							4	Wellington, New Zealand (general), New Zealand	NZ	NZ00	-41.3	174.783	-1521348	4	Wellington, New Zealand (general), New Zealand	NZ	NZ00	-41.3	174.783	-1521348	20140320	http://www.dailymail.co.uk/news/article-2585406/Bouncer-left-handyman-42-permanently-disabled-single-punch-jailed-just-16-months.html?ITO=1490&ns_campaign=1490
290183970	20140319	201403	2014	2014.2164											OPP	ACTIVIST						OPP			1	141	141	14	3	-6.5	10	1	10	1.8796992481203	0							1	China	CH	CH	35	105	CH	1	China	CH	CH	35	105	CH	20140320	http://www.chinapost.com.tw/editorial/taiwan-issues/2014/03/21/403214/Direct-democracy.htm
290183974	20140319	201403	2014	2014.2164											PHL	PHILIPPINE	PHL								1	173	173	17	4	-5.0	4	1	4	1.06382978723404	0							4	Calbayog City, Calbayog, Philippines	RP	RPB3	12.0668	124.596	-2418971	4	Calbayog City, Calbayog, Philippines	RP	RPB3	12.0668	124.596	-2418971	20140320	http://www.philstar.com/metro-cebu/2014/03/21/1303454/man-caught-trespassing
290183986	20140319	201403	2014	2014.2164											RUS	RUSSIA	RUS								0	1822	182	18	4	-9.0	4	1	4	1.8001800180018	0							1	Russia	RS	RS	60	100	RS	1	Russia	RS	RS	60	100	RS	20140320	http://www.setimes.com/cocoon/setimes/xhtml/en_GB/features/setimes/features/2014/03/20/feature-01
290184031	20140319	201403	2014	2014.2164	AFR	AFRICA	AFR								ZAF	SOUTH AFRICAN	ZAF								1	141	141	14	3	-6.5	4	2	4	2.76923076923077	4	Pietermaritzburg, KwaZulu-Natal, South Africa	SF	SF02	-29.6168	30.3928	-1272393	4	Pietermaritzburg, KwaZulu-Natal, South Africa	SF	SF02	-29.6168	30.3928	-1272393	4	Pietermaritzburg, KwaZulu-Natal, South Africa	SF	SF02	-29.6168	30.3928	-1272393	20140320	http://www.bloomberg.com/news/2014-03-20/south-african-labor-party-to-emerge-ex-president-s-brother-says.html
290184037	20140319	201403	2014	2014.2164	AGR	FARMER						AGR			COLGOV	JUAN MANUEL SANTOS	COL					GOV			1	195	195	19	4	-10.0	10	1	10	3.84615384615385	1	Iraq	IZ	IZ	33	44	IZ	1	Iraq	IZ	IZ	33	44	IZ	1	Iraq	IZ	IZ	33	44	IZ	20140320	http://cpt.org/cptnet/2014/03/20/las-pavas-writes-president-santos-regarding-continued-attacks-their-community
290184087	20140319	201403	2014	2014.2164	AUSGOV	AUSTRALIA	AUS					GOV			MNCUSA	BOEING	USA					MNC			1	173	173	17	4	-5.0	10	1	10	1.08225108225108	4	Sydney, New South Wales, Australia	AS	AS02	-33.8833	151.217	-1603135	4	Sydney, New South Wales, Australia	AS	AS02	-33.8833	151.217	-1603135	4	Sydney, New South Wales, Australia	AS	AS02	-33.8833	151.217	-1603135	20140320	http://www.themalaymailonline.com/malaysia/article/debris-could-just-be-ocean-junk-experts-say
290184110	20140319	201403	2014	2014.2164	AUT	VIENNA	AUT								IRN	IRAN	IRN								1	164	164	16	4	-7.0	6	1	6	1.417004048583	4	Vienna, Wien, Austria	AU	AU09	48.2	16.3667	-1995499	1	Iran	IR	IR	32	53	IR	1	Iran	IR	IR	32	53	IR	20140320	http://www.fxstreet.com/analysis/daily-fx-market-commentary09/2014/03/20/
290184111	20140319	201403	2014	2014.2164	AUT	AUSTRIA	AUT								IRN	IRAN	IRN								1	164	164	16	4	-7.0	2	1	2	1.417004048583	1	Iran	IR	IR	32	53	IR	1	Iran	IR	IR	32	53	IR	1	Iran	IR	IR	32	53	IR	20140320	http://www.fxstreet.com/analysis/daily-fx-market-commentary09/2014/03/20/
290184116	20140319	201403	2014	2014.2164	BEL	BRUSSELS	BEL								RUS	MOSCOW	RUS								1	163	163	16	4	-8.0	2	1	2	2.31388329979879	4	Kiev, Ukraine (general), Ukraine	UP	UP00	50.4333	30.5167	-1044367	1	Germany	GM	GM	51	9	GM	1	Germany	GM	GM	51	9	GM	20140320	http://www.gulf-times.com/uk-europe/183/details/385386/west,-russia-trading-barbs-and-sanctions
290184117	20140319	201403	2014	2014.2164	BEL	BRUSSELS	BEL								RUS	MOSCOW	RUS								1	163	163	16	4	-8.0	10	1	10	2.51497005988024	4	Moscow, Moskva, Russia	RS	RS48	55.7522	37.6156	-2960561	4	Moscow, Moskva, Russia	RS	RS48	55.7522	37.6156	-2960561	4	Moscow, Moskva, Russia	RS	RS48	55.7522	37.6156	-2960561	20140320	http://main.omanobserver.om/?p=66316
290184118	20140319	201403	2014	2014.2164	BEL	BELGIUM	BEL								RUS	RUSSIA	RUS								1	163	163	16	4	-8.0	2	1	2	2.31388329979879	4	Moscow, Moskva, Russia	RS	RS48	55.7522	37.6156	-2960561	1	France	FR	FR	46	2	FR	1	France	FR	FR	46	2	FR	20140320	http://www.gulf-times.com/uk-europe/183/details/385386/west,-russia-trading-barbs-and-sanctions
290184119	20140319	201403	2014	2014.2164	BEL	BRUSSELS	BEL								RUS	MOSCOW	RUS								1	163	163	16	4	-8.0	6	1	6	2.31388329979879	1	France	FR	FR	46	2	FR	1	France	FR	FR	46	2	FR	1	France	FR	FR	46	2	FR	20140320	http://www.gulf-times.com/uk-europe/183/details/385386/west,-russia-trading-barbs-and-sanctions
290184128	20140319	201403	2014	2014.2164	BHR	BAHRAIN	BHR																		1	1723	172	17	4	-5.0	4	1	4	3.87096774193548	1	Bahrain	BA	BA	26	50.55	BA	0							1	Bahrain	BA	BA	26	50.55	BA	20140320	http://www.gulf-daily-news.com/NewsDetails.aspx?storyid=372999&c=rVINFvg90K52JLi0qcgSzKnwNtytIFOw6UAyDhGiyWE&mkt=en-us
290184152	20140319	201403	2014	2014.2164	BUS	BUSINESS						BUS			GBR	BRITAIN	GBR								1	141	141	14	3	-6.5	10	1	10	1.48514851485149	4	London, London, City of, United Kingdom	UK	UKH9	51.5	-0.116667	-2601889	4	London, London, City of, United Kingdom	UK	UKH9	51.5	-0.116667	-2601889	4	London, London, City of, United Kingdom	UK	UKH9	51.5	-0.116667	-2601889	20140320	http://uk.finance.yahoo.com/news/hitachi-move-rail-business-over-britain-011939331.html
290184168	20140319	201403	2014	2014.2164	BWAREF	BOTSWANA	BWA					REF			COP	POLICE						COP			0	173	173	17	4	-5.0	10	1	10	1.03305785123967	1	Botswana	BC	BC	-22	24	BC	1	Botswana	BC	BC	-22	24	BC	1	Botswana	BC	BC	-22	24	BC	20140320	http://www.sundaystandard.info/article.php?NewsID=19467&GroupID=1
290184235	20140319	201403	2014	2014.2164	COP	POLICE						COP													1	141	141	14	3	-6.5	3	1	3	0.561797752808989	4	Colombo, Western, Sri Lanka	CE	CE36	6.93194	79.8478	-2214877	0							4	Colombo, Western, Sri Lanka	CE	CE36	6.93194	79.8478	-2214877	20140320	http://colombogazette.com/2014/03/20/police-to-arrest-students-over-demo/
290184236	20140319	201403	2014	2014.2164	COP	POLICE						COP													1	141	141	14	3	-6.5	2	1	2	0.561797752808989	4	Colombo, Western, Sri Lanka	CE	CE36	6.93194	79.8478	-2214877	0							4	Kelaniya, Western, Sri Lanka	CE	CE36	6.9553	79.922	-2223252	20140320	http://colombogazette.com/2014/03/20/police-to-arrest-students-over-demo/
290184237	20140319	201403	2014	2014.2164	COP	POLICE						COP													1	173	173	17	4	-5.0	2	1	2	0.605449041372351	4	Crimea, Krym, Avtonomna Respublika, Ukraine	UP	UP11	45	34	-1043950	0							4	Crimea, Krym, Avtonomna Respublika, Ukraine	UP	UP11	45	34	-1043950	20140320	http://voiceofrussia.com/news/2014_03_20/Simferopol-shooter-detained-Crimean-1st-deputy-PM-8213/
290184243	20140319	201403	2014	2014.2164	COP	POLICE						COP													0	192	192	19	4	-9.5	10	1	10	0.324675324675325	0							0							0							20140320	http://www.centralwesterndaily.com.au/story/2161483/breaking-news-police-arrest-woman-in-relation-to-clinton-street-house-fire/?cs=103
290184244	20140319	201403	2014	2014.2164	COP	POLICE						COP													1	193	193	19	4	-10.0	2	1	2	0.605449041372351	4	Crimea, Krym, Avtonomna Respublika, Ukraine	UP	UP11	45	34	-1043950	0							4	Crimea, Krym, Avtonomna Respublika, Ukraine	UP	UP11	45	34	-1043950	20140320	http://voiceofrussia.com/news/2014_03_20/Simferopol-shooter-detained-Crimean-1st-deputy-PM-8213/
290184246	20140319	201403	2014	2014.2164	COP	POLICE						COP			AUS	AUSTRALIA	AUS								1	173	173	17	4	-5.0	12	1	12	0.858369098712446	4	Merrylands, New South Wales, Australia	AS	AS02	-33.8333	150.983	-1587107	4	Merrylands, New South Wales, Australia	AS	AS02	-33.8333	150.983	-1587107	4	Merrylands, New South Wales, Australia	AS	AS02	-33.8333	150.983	-1587107	20140320	http://www.abc.net.au/news/2014-03-21/man-charged-over-fire-bombing-27linked27-to-bikie-feud/5336162
290184247	20140319	201403	2014	2014.2164	COP	POLICE						COP			AUS	AUSTRALIAN	AUS								1	173	173	17	4	-5.0	1	1	1	1.03092783505155	4	Zamboanga, Zamboanga, Philippines	RP	RPG7	6.91025	122.072	-2460321	4	Zamboanga, Zamboanga, Philippines	RP	RPG7	6.91025	122.072	-2460321	4	Zamboanga, Zamboanga, Philippines	RP	RPG7	6.91025	122.072	-2460321	20140320	http://www.tempo.com.ph/2014/03/kfr-gang-leader-captured-in-pque/
290184248	20140319	201403	2014	2014.2164	COP	POLICE						COP			BGD	BANGLADESH	BGD								1	173	173	17	4	-5.0	1	1	1	0	4	Dhaka, Dhaka, Bangladesh	BG	BG81	23.7231	90.4086	-2737683	4	Dhaka, Dhaka, Bangladesh	BG	BG81	23.7231	90.4086	-2737683	4	Dhaka, Dhaka, Bangladesh	BG	BG81	23.7231	90.4086	-2737683	20140320	http://www.thedailystar.net/city/man-accused-of-trying-to-kill-hasina-lands-in-jail-16605
290184250	20140319	201403	2014	2014.2164	COP	POLICE						COP			CRM	DRUG LORD						CRM			1	173	173	17	4	-5.0	10	1	10	2.16049382716049	1	United Kingdom	UK	UK	54	-2	UK	1	United Kingdom	UK	UK	54	-2	UK	1	United Kingdom	UK	UK	54	-2	UK	20140320	http://www.lankanewspapers.com/news/2014/3/87237.html
290184251	20140319	201403	2014	2014.2164	COP	POLICE						COP			CRM	KIDNAPPER						CRM			1	181	181	18	4	-9.0	2	1	2	1.77777777777778	5	Edo State, Edo, Nigeria	NI	NI37	6.5	6	29623	5	Edo State, Edo, Nigeria	NI	NI37	6.5	6	29623	1	Benin	BN	BN	9.5	2.25	BN	20140320	http://leadership.ng/news/357528/police-foil-kidnap-attempt-pregnant-woman-kills-3
290184252	20140319	201403	2014	2014.2164	COP	POLICE						COP			CRM	KIDNAPPER						CRM			1	193	193	19	4	-10.0	2	1	2	1.77777777777778	5	Edo State, Edo, Nigeria	NI	NI37	6.5	6	29623	5	Edo State, Edo, Nigeria	NI	NI37	6.5	6	29623	5	Edo State, Edo, Nigeria	NI	NI37	6.5	6	29623	20140320	http://leadership.ng/news/357528/police-foil-kidnap-attempt-pregnant-woman-kills-3
290184256	20140319	201403	2014	2014.2164	COP	POLICE						COP			EDU	STUDENT						EDU			1	173	173	17	4	-5.0	5	1	5	0.561797752808989	4	Colombo, Western, Sri Lanka	CE	CE36	6.93194	79.8478	-2214877	4	Colombo, Western, Sri Lanka	CE	CE36	6.93194	79.8478	-2214877	4	Colombo, Western, Sri Lanka	CE	CE36	6.93194	79.8478	-2214877	20140320	http://colombogazette.com/2014/03/20/police-to-arrest-students-over-demo/
290184274	20140319	201403	2014	2014.2164	COP	PRISON						COP			GOV	MINIST OF INTERIOR						GOV			1	173	173	17	4	-5.0	20	2	20	1.70276497695852	4	Abuja, Abuja Federal Capital Territory, Nigeria	NI	NI11	9.08333	7.53333	-1997013	4	Abuja, Abuja Federal Capital Territory, Nigeria	NI	NI11	9.08333	7.53333	-1997013	4	Abuja, Abuja Federal Capital Territory, Nigeria	NI	NI11	9.08333	7.53333	-1997013	20140320	http://allafrica.com/stories/201403200224.html
290184277	20140319	201403	2014	2014.2164	COP	POLICE						COP			JUDJUD	CONSTITUTIONAL COURT						JUD	JUD		0	183	183	18	4	-10.0	20	2	20	1.98026790475891	4	Bangkok, Krung Thep Mahanakhon, Thailand	TH	TH40	13.75	100.517	-3250083	4	Bangkok, Krung Thep Mahanakhon, Thailand	TH	TH40	13.75	100.517	-3250083	4	Bangkok, Krung Thep Mahanakhon, Thailand	TH	TH40	13.75	100.517	-3250083	20140320	http://www.themalaymailonline.com/world/article/thai-court-could-declare-february-election-void
290184281	20140319	201403	2014	2014.2164	COP	POLICE						COP			NGA	BENIN CITY	NGA								1	181	181	18	4	-9.0	2	1	2	1.77777777777778	5	Edo State, Edo, Nigeria	NI	NI37	6.5	6	29623	5	Edo State, Edo, Nigeria	NI	NI37	6.5	6	29623	5	Edo State, Edo, Nigeria	NI	NI37	6.5	6	29623	20140320	http://leadership.ng/news/357528/police-foil-kidnap-attempt-pregnant-woman-kills-3
290184282	20140319	201403	2014	2014.2164	COP	POLICE						COP			NGA	BENIN CITY	NGA								1	181	181	18	4	-9.0	2	1	2	1.77777777777778	5	Edo State, Edo, Nigeria	NI	NI37	6.5	6	29623	1	Benin	BN	BN	9.5	2.25	BN	5	Edo State, Edo, Nigeria	NI	NI37	6.5	6	29623	20140320	http://leadership.ng/news/357528/police-foil-kidnap-attempt-pregnant-woman-kills-3
290184300	20140319	201403	2014	2014.2164	COP	POLICE						COP			SYR	SYRIAN	SYR								1	141	141	14	3	-6.5	2	1	2	2.40384615384615	4	Damascus, Dimashq, Syria	SY	SY13	33.5	36.3	-2541260	4	Damascus, Dimashq, Syria	SY	SY13	33.5	36.3	-2541260	4	Damascus, Dimashq, Syria	SY	SY13	33.5	36.3	-2541260	20140320	http://news.gnom.es/news/in-our-pages-march-21
290184302	20140319	201403	2014	2014.2164	COP	POLICE						COP			SYRGOV	SYRIAN	SYR					GOV			1	141	141	14	3	-6.5	6	1	6	2.40384615384615	4	Damascus, Dimashq, Syria	SY	SY13	33.5	36.3	-2541260	4	Damascus, Dimashq, Syria	SY	SY13	33.5	36.3	-2541260	4	Damascus, Dimashq, Syria	SY	SY13	33.5	36.3	-2541260	20140320	http://news.gnom.es/news/in-our-pages-march-21
290184304	20140319	201403	2014	2014.2164	COP	POLICE						COP			UKR	UKRAINE	UKR								1	173	173	17	4	-5.0	8	1	8	0.605449041372351	4	Crimea, Krym, Avtonomna Respublika, Ukraine	UP	UP11	45	34	-1043950	4	Simferopol, Krym, Avtonomna Respublika, Ukraine	UP	UP11	44.9572	34.1108	-1054041	4	Crimea, Krym, Avtonomna Respublika, Ukraine	UP	UP11	45	34	-1043950	20140320	http://voiceofrussia.com/news/2014_03_20/Simferopol-shooter-detained-Crimean-1st-deputy-PM-8213/
290184309	20140319	201403	2014	2014.2164	CRM	GANG						CRM			COP	DETECTIVE						COP			1	173	173	17	4	-5.0	4	1	4	0.858369098712446	4	Merrylands, New South Wales, Australia	AS	AS02	-33.8333	150.983	-1587107	4	Merrylands, New South Wales, Australia	AS	AS02	-33.8333	150.983	-1587107	4	Merrylands, New South Wales, Australia	AS	AS02	-33.8333	150.983	-1587107	20140320	http://www.abc.net.au/news/2014-03-21/man-charged-over-fire-bombing-27linked27-to-bikie-feud/5336162
290184322	20140319	201403	2014	2014.2164	CVL	VOTER						CVL			UKR	CRIMEA	UKR								1	161	161	16	4	-4.0	20	2	20	1.94648354250533	1	Russia	RS	RS	60	100	RS	1	Russia	RS	RS	60	100	RS	1	Russia	RS	RS	60	100	RS	20140320	http://www.mynews3.com/content/news/story/Russian-lawmakers-officially-seal-annexation-of/oZO_ooQe70Cm2J6bza67Mg.cspx
290184335	20140319	201403	2014	2014.2164	DOMMED	DOMINICAN REPUBLIC	DOM					MED			BUS	COMPANY						BUS			1	141	141	14	3	-6.5	2	1	2	0.574712643678161	4	Caribe, MonseñNouel, Dominican Republic	DR	DR31	18.9677	-70.3831	-3348965	4	Caribe, MonseñNouel, Dominican Republic	DR	DR31	18.9677	-70.3831	-3348965	4	Caribe, MonseñNouel, Dominican Republic	DR	DR31	18.9677	-70.3831	-3348965	20140320	http://www.dominicantoday.com/dr/local/2014/3/20/50916/Wildcat-strike-halts-fuel-dispatch-from-Dominican-Republic-refinery
290184336	20140319	201403	2014	2014.2164	DOMMED	DOMINICAN REPUBLIC	DOM					MED			DOM	DOMINICAN REPUBLIC	DOM								1	173	173	17	4	-5.0	2	1	2	0.574712643678161	4	Caribe, MonseñNouel, Dominican Republic	DR	DR31	18.9677	-70.3831	-3348965	4	Caribe, MonseñNouel, Dominican Republic	DR	DR31	18.9677	-70.3831	-3348965	4	Caribe, MonseñNouel, Dominican Republic	DR	DR31	18.9677	-70.3831	-3348965	20140320	http://www.dominicantoday.com/dr/local/2014/3/20/50916/Wildcat-strike-halts-fuel-dispatch-from-Dominican-Republic-refinery
290184348	20140319	201403	2014	2014.2164	EDU	PUPIL						EDU													1	173	173	17	4	-5.0	5	1	5	1.06100795755968	1	Trinidad And Tobago	TD	TD	11	-61	TD	0							1	Trinidad And Tobago	TD	TD	11	-61	TD	20140320	http://www.trinidadexpress.com/news/Bail-for-9-male-pupils--involved-in-school-fight-251131401.html
290184355	20140319	201403	2014	2014.2164	EDU	COLLEGE						EDU			JUD	MAGISTRATE						JUD			1	173	173	17	4	-5.0	1	1	1	0.954653937947494	4	Chaguanas, Caroni, Trinidad And Tobago	TD	TD02	10.5167	-61.4167	-1359692	4	Chaguanas, Caroni, Trinidad And Tobago	TD	TD02	10.5167	-61.4167	-1359692	4	Arouca, Saint George, Trinidad And Tobago	TD	TD08	10.6288	-61.3349	-1359463	20140320	http://newsday.co.tt/news/0,192149.html
290184360	20140319	201403	2014	2014.2164	EDU	COLLEGE						EDU			TTO	TRINIDAD AND TOBAGO	TTO								1	173	173	17	4	-5.0	5	1	5	0.954653937947494	4	Chaguanas, Caroni, Trinidad And Tobago	TD	TD02	10.5167	-61.4167	-1359692	4	Arouca, Saint George, Trinidad And Tobago	TD	TD08	10.6288	-61.3349	-1359463	4	Arouca, Saint George, Trinidad And Tobago	TD	TD08	10.6288	-61.3349	-1359463	20140320	http://newsday.co.tt/news/0,192149.html
290184361	20140319	201403	2014	2014.2164	EDU	COLLEGE						EDU			TTO	TRINIDAD AND TOBAGO	TTO								1	173	173	17	4	-5.0	1	1	1	0.954653937947494	4	Chaguanas, Caroni, Trinidad And Tobago	TD	TD02	10.5167	-61.4167	-1359692	4	Arouca, Saint George, Trinidad And Tobago	TD	TD08	10.6288	-61.3349	-1359463	4	Chaguanas, Caroni, Trinidad And Tobago	TD	TD02	10.5167	-61.4167	-1359692	20140320	http://newsday.co.tt/news/0,192149.html
290184415	20140319	201403	2014	2014.2164	GBR	SHEFFIELD	GBR																		1	173	173	17	4	-5.0	30	2	30	1.31840520267524	4	South Yorkshire, United Kingdom (general), United Kingdom	UK	UK00	53.45	-1.25	-2608379	0							4	South Yorkshire, United Kingdom (general), United Kingdom	UK	UK00	53.45	-1.25	-2608379	20140320	http://www.nzherald.co.nz/technology/news/article.cfm?c_id=5&objectid=11223746
290184417	20140319	201403	2014	2014.2164	GBR	GLASGOW	GBR																		1	193	193	19	4	-10.0	10	1	10	6.66666666666667	4	Milngavie, East Dunbartonshire, United Kingdom	UK	UKU5	55.9333	-4.31667	-2603152	0							4	Milngavie, East Dunbartonshire, United Kingdom	UK	UKU5	55.9333	-4.31667	-2603152	20140320	http://www.heraldscotland.com/news/home-news/celebrity-visitor.23741778
290184428	20140319	201403	2014	2014.2164	GBR	BRITISH	GBR								PSE	PALESTINIAN	PSE								1	141	141	14	3	-6.5	2	1	2	2.74914089347079	4	Gaza, Israel (general), Israel	IS	IS00	31.4167	34.3333	-797156	4	Gaza, Israel (general), Israel	IS	IS00	31.4167	34.3333	-797156	4	Gaza, Israel (general), Israel	IS	IS00	31.4167	34.3333	-797156	20140320	http://www.breitbart.com/Breitbart-London/2014/03/20/Galloway-frosty-LSE-reception
290184429	20140319	201403	2014	2014.2164	GBR	BRITISH	GBR								PSE	PALESTINIAN	PSE								1	141	141	14	3	-6.5	2	1	2	2.74914089347079	1	United Kingdom	UK	UK	54	-2	UK	4	Gaza, Israel (general), Israel	IS	IS00	31.4167	34.3333	-797156	4	Gaza, Israel (general), Israel	IS	IS00	31.4167	34.3333	-797156	20140320	http://www.breitbart.com/Breitbart-London/2014/03/20/Galloway-frosty-LSE-reception
290184445	20140319	201403	2014	2014.2164	GBRLEG	BRITISH	GBR					LEG			PSE	PALESTINIAN	PSE								1	141	141	14	3	-6.5	1	1	1	2.74914089347079	1	United Kingdom	UK	UK	54	-2	UK	4	Gaza, Israel (general), Israel	IS	IS00	31.4167	34.3333	-797156	4	Gaza, Israel (general), Israel	IS	IS00	31.4167	34.3333	-797156	20140320	http://www.breitbart.com/Breitbart-London/2014/03/20/Galloway-frosty-LSE-reception
290184448	20140319	201403	2014	2014.2164	GHA	KUMASI	GHA								COP	PRISON						COP			1	173	173	17	4	-5.0	2	1	2	0.417536534446764	4	Kumasi, Ashanti, Ghana	GH	GH02	6.68333	-1.61667	-2075172	4	Asafo, Ghana (general), Ghana	GH	GH00	6.39476	-2.6599	-2069783	4	Kumasi, Ashanti, Ghana	GH	GH02	6.68333	-1.61667	-2075172	20140320	http://www.ghanaweb.com/GhanaHomePage/crime/artikel.php?ID=303840
290184449	20140319	201403	2014	2014.2164	GHA	KUMASI	GHA								CRM	ROBBER						CRM			1	173	173	17	4	-5.0	2	1	2	0.417536534446764	4	Kumasi, Ashanti, Ghana	GH	GH02	6.68333	-1.61667	-2075172	4	Kumasi, Ashanti, Ghana	GH	GH02	6.68333	-1.61667	-2075172	4	Kumasi, Ashanti, Ghana	GH	GH02	6.68333	-1.61667	-2075172	20140320	http://www.ghanaweb.com/GhanaHomePage/crime/artikel.php?ID=303840
290184489	20140319	201403	2014	2014.2164	GOV	PRESIDENT						GOV			BUS	CORPORATION						BUS			1	173	173	17	4	-5.0	4	1	4	1.52671755725191	4	Mapalacsiao, City of Tarlac, Philippines	RP	RPO3	15.4286	120.651	-2438250	4	Mapalacsiao, City of Tarlac, Philippines	RP	RPO3	15.4286	120.651	-2438250	4	Mapalacsiao, City of Tarlac, Philippines	RP	RPO3	15.4286	120.651	-2438250	20140320	http://bulatlat.com/main/2014/03/21/luisita-farmers-file-another-case-vs-cojuangco-aquinos-before-doj/
290184576	20140319	201403	2014	2014.2164	HRI	RIGHTS ACTIVIST						HRI			GOV	AUTHORITIES						GOV			1	141	141	14	3	-6.5	2	1	2	2.4390243902439	4	Boeng Kak, KâóCham, Cambodia	CB	CB02	11.9618	105.334	-1023703	4	Phnom Penh, (CB11), Cambodia	CB	CB11	11.55	104.917	-1033783	4	Boeng Kak, KâóCham, Cambodia	CB	CB02	11.9618	105.334	-1023703	20140320	http://sithi.org/temp.php?url=news_detail.php&mid=11304&&utm_source=feedburner&utm_medium=feed&utm_campaign=Feed%3A+sithi%2Fnews+%28SITHI+Portal+%28Human+Rights+in+the+News%29%29
290184577	20140319	201403	2014	2014.2164	HRI	RIGHTS ACTIVIST						HRI			GOV	AUTHORITIES						GOV			1	141	141	14	3	-6.5	2	1	2	2.4390243902439	4	Phnom Penh, (CB11), Cambodia	CB	CB11	11.55	104.917	-1033783	4	Phnom Penh, (CB11), Cambodia	CB	CB11	11.55	104.917	-1033783	4	Phnom Penh, (CB11), Cambodia	CB	CB11	11.55	104.917	-1033783	20140320	http://sithi.org/temp.php?url=news_detail.php&mid=11304&&utm_source=feedburner&utm_medium=feed&utm_campaign=Feed%3A+sithi%2Fnews+%28SITHI+Portal+%28Human+Rights+in+the+News%29%29
290184615	20140319	201403	2014	2014.2164	IMGMOSALQ	OSAMA BIN LADEN		ALQ		MOS		IMG			MYS	MALAYSIA	MYS								1	141	141	14	3	-6.5	2	1	2	0.998336106489185	1	Malaysia	MY	MY	2.5	112.5	MY	1	Afghanistan	AF	AF	33	65	AF	1	Malaysia	MY	MY	2.5	112.5	MY	20140320	http://www.themalaysianinsider.com/world/article/bin-ladens-son-in-law-tells-us-trial-of-9-11-cave-chat
290184616	20140319	201403	2014	2014.2164	IMGMOSALQ	OSAMA BIN LADEN		ALQ		MOS		IMG			MYS	MALAYSIA	MYS								1	141	141	14	3	-6.5	2	1	2	0.998336106489185	1	Malaysia	MY	MY	2.5	112.5	MY	1	Malaysia	MY	MY	2.5	112.5	MY	1	Malaysia	MY	MY	2.5	112.5	MY	20140320	http://www.themalaysianinsider.com/world/article/bin-ladens-son-in-law-tells-us-trial-of-9-11-cave-chat
290184621	20140319	201403	2014	2014.2164	IMGMOSALQ	OSAMA BIN LADEN		ALQ		MOS		IMG			USAJUD	NEW YORK	USA					JUD			1	141	141	14	3	-6.5	6	1	6	0.998336106489185	3	White House, District of Columbia, United States	US	USDC	38.8951	-77.0364	531871	3	White House, District of Columbia, United States	US	USDC	38.8951	-77.0364	531871	3	White House, District of Columbia, United States	US	USDC	38.8951	-77.0364	531871	20140320	http://www.themalaysianinsider.com/world/article/bin-ladens-son-in-law-tells-us-trial-of-9-11-cave-chat
290184631	20140319	201403	2014	2014.2164	IND	NEW DELHI	IND																		1	173	173	17	4	-5.0	6	1	6	0.714285714285714	4	New Delhi, Delhi, India	IN	IN07	28.6	77.2	-2106102	0							4	New Delhi, Delhi, India	IN	IN07	28.6	77.2	-2106102	20140320	http://news.kuwaittimes.net/indian-court-convicts-5-mumbai-gang-rapes/
290184632	20140319	201403	2014	2014.2164	IND	MUMBAI	IND								CRM	GANG						CRM			1	173	173	17	4	-5.0	4	1	4	1.19047619047619	4	Mumbai, Maharashtra, India	IN	IN16	18.975	72.8258	-2092174	4	Mumbai, Maharashtra, India	IN	IN16	18.975	72.8258	-2092174	4	Mumbai, Maharashtra, India	IN	IN16	18.975	72.8258	-2092174	20140320	http://www.taipeitimes.com/News/world/archives/2014/03/21/2003586208
290184633	20140319	201403	2014	2014.2164	IND	MUMBAI	IND								CRM	GANG						CRM			1	173	173	17	4	-5.0	2	1	2	1.19047619047619	4	Delhi, Delhi, India	IN	IN07	28.6667	77.2167	-2094230	4	Delhi, Delhi, India	IN	IN07	28.6667	77.2167	-2094230	4	Delhi, Delhi, India	IN	IN07	28.6667	77.2167	-2094230	20140320	http://www.taipeitimes.com/News/world/archives/2014/03/21/2003586208
290184634	20140319	201403	2014	2014.2164	IND	MUMBAI	IND								CRM	GANG						CRM			1	1821	182	18	4	-9.0	6	1	6	1.19047619047619	4	Mumbai, Maharashtra, India	IN	IN16	18.975	72.8258	-2092174	4	Mumbai, Maharashtra, India	IN	IN16	18.975	72.8258	-2092174	4	Mumbai, Maharashtra, India	IN	IN16	18.975	72.8258	-2092174	20140320	http://www.taipeitimes.com/News/world/archives/2014/03/21/2003586208
290184645	20140319	201403	2014	2014.2164	IRL	IRELAND	IRL								CRM	CRIMINAL						CRM			1	173	173	17	4	-5.0	2	1	2	1.35658914728682	1	Ireland	EI	EI	53	-8	EI	1	Ireland	EI	EI	53	-8	EI	1	Ireland	EI	EI	53	-8	EI	20140320	http://www.irishexaminer.com/ireland/cwgbcwojeycw/rss2/
290184651	20140319	201403	2014	2014.2164	IRN	IRAN	IRN								AUT	VIENNA	AUT								1	164	164	16	4	-7.0	6	1	6	1.417004048583	1	Iran	IR	IR	32	53	IR	4	Vienna, Wien, Austria	AU	AU09	48.2	16.3667	-1995499	1	Iran	IR	IR	32	53	IR	20140320	http://www.fxstreet.com/analysis/daily-fx-market-commentary09/2014/03/20/
290184652	20140319	201403	2014	2014.2164	IRN	IRAN	IRN								AUT	AUSTRIA	AUT								1	164	164	16	4	-7.0	2	1	2	1.417004048583	1	Iran	IR	IR	32	53	IR	1	Iran	IR	IR	32	53	IR	1	Iran	IR	IR	32	53	IR	20140320	http://www.fxstreet.com/analysis/daily-fx-market-commentary09/2014/03/20/
290184679	20140319	201403	2014	2014.2164	ISRSET	ISRAEL	ISR					SET			ISR	ISRAEL	ISR								0	193	193	19	4	-10.0	1	1	1	1.74825174825175	4	Nablus, West Bank (general), West Bank	WE	WE00	32.2199	35.2636	-795575	1	Israel	IS	IS	31.5	34.75	IS	1	Israel	IS	IS	31.5	34.75	IS	20140320	http://palsolidarity.org/2014/03/the-remains-of-martyr-ahmad-saleh-finally-returned-to-family/
290184680	20140319	201403	2014	2014.2164	ISRSET	ISRAEL	ISR					SET			ISR	ISRAEL	ISR								0	193	193	19	4	-10.0	1	1	1	1.74825174825175	1	Israel	IS	IS	31.5	34.75	IS	1	Israel	IS	IS	31.5	34.75	IS	1	Israel	IS	IS	31.5	34.75	IS	20140320	http://palsolidarity.org/2014/03/the-remains-of-martyr-ahmad-saleh-finally-returned-to-family/
290184683	20140319	201403	2014	2014.2164	ISRSET	ISRAELI	ISR					SET			PSE	PALESTINIAN	PSE								0	193	193	19	4	-10.0	1	1	1	1.74825174825175	1	Israel	IS	IS	31.5	34.75	IS	1	Israel	IS	IS	31.5	34.75	IS	1	Israel	IS	IS	31.5	34.75	IS	20140320	http://palsolidarity.org/2014/03/the-remains-of-martyr-ahmad-saleh-finally-returned-to-family/
290184711	20140319	201403	2014	2014.2164	JUD	COUNSEL						JUD			CRM	CRIMINAL						CRM			1	173	173	17	4	-5.0	3	1	3	1.35658914728682	1	Ireland	EI	EI	53	-8	EI	1	Ireland	EI	EI	53	-8	EI	1	Ireland	EI	EI	53	-8	EI	20140320	http://www.irishexaminer.com/ireland/cwgbcwojeycw/rss2/
290184716	20140319	201403	2014	2014.2164	JUD	MAGISTRATE						JUD			MED	WEBSITE						MED			1	173	173	17	4	-5.0	8	1	8	0.909090909090909	4	Freetown, Western Area, Sierra Leone	SL	SL04	8.49	-13.2342	-1315606	4	Freetown, Western Area, Sierra Leone	SL	SL04	8.49	-13.2342	-1315606	4	Freetown, Western Area, Sierra Leone	SL	SL04	8.49	-13.2342	-1315606	20140320	http://news.sl/drwebsite/publish/article_200524978.shtml
290184723	20140319	201403	2014	2014.2164	JUD	LAWYER						JUD			VNM	VIETNAM	VNM								1	173	173	17	4	-5.0	4	1	4	4.04312668463612	4	Hanoi, Ha N?i, Vietnam, Republic Of	VM	VM44	21.0333	105.85	-3714993	4	Hanoi, Ha N?i, Vietnam, Republic Of	VM	VM44	21.0333	105.85	-3714993	4	Hanoi, Ha N?i, Vietnam, Republic Of	VM	VM44	21.0333	105.85	-3714993	20140320	http://tuoitrenews.vn/society/18468/blogger-pham-viet-dao-jailed-for-abusing-democratic-freedoms
290184739	20140319	201403	2014	2014.2164	KHM	CAMBODIA	KHM								GOV	AUTHORITIES						GOV			1	141	141	14	3	-6.5	4	1	4	2.4390243902439	4	Boeng Kak, KâóCham, Cambodia	CB	CB02	11.9618	105.334	-1023703	4	Phnom Penh, (CB11), Cambodia	CB	CB11	11.55	104.917	-1033783	4	Boeng Kak, KâóCham, Cambodia	CB	CB02	11.9618	105.334	-1023703	20140320	http://sithi.org/temp.php?url=news_detail.php&mid=11304&&utm_source=feedburner&utm_medium=feed&utm_campaign=Feed%3A+sithi%2Fnews+%28SITHI+Portal+%28Human+Rights+in+the+News%29%29
290184740	20140319	201403	2014	2014.2164	KHM	CAMBODIA	KHM								GOV	AUTHORITIES						GOV			1	141	141	14	3	-6.5	4	1	4	2.4390243902439	4	Phnom Penh, (CB11), Cambodia	CB	CB11	11.55	104.917	-1033783	4	Phnom Penh, (CB11), Cambodia	CB	CB11	11.55	104.917	-1033783	4	Phnom Penh, (CB11), Cambodia	CB	CB11	11.55	104.917	-1033783	20140320	http://sithi.org/temp.php?url=news_detail.php&mid=11304&&utm_source=feedburner&utm_medium=feed&utm_campaign=Feed%3A+sithi%2Fnews+%28SITHI+Portal+%28Human+Rights+in+the+News%29%29
290184751	20140319	201403	2014	2014.2164	LAB	WORKER						LAB													1	191	191	19	4	-9.5	3	1	3	2.58620689655172	4	Kompong Speu, KâóSpoe, Cambodia	CB	CB04	11.4533	104.521	-1023804	0							4	Kompong Speu, KâóSpoe, Cambodia	CB	CB04	11.4533	104.521	-1023804	20140320	http://sithi.org/temp.php?url=news_detail.php&mid=11310&&utm_source=feedburner&utm_medium=feed&utm_campaign=Feed%3A+sithi%2Fnews+%28SITHI+Portal+%28Human+Rights+in+the+News%29%29
290184752	20140319	201403	2014	2014.2164	LAB	WORKER						LAB			KHM	CAMBODIA	KHM								1	144	144	14	3	-7.5	6	1	6	2.58620689655172	4	Kompong Speu, KâóSpoe, Cambodia	CB	CB04	11.4533	104.521	-1023804	4	Kompong Speu, KâóSpoe, Cambodia	CB	CB04	11.4533	104.521	-1023804	4	Kompong Speu, KâóSpoe, Cambodia	CB	CB04	11.4533	104.521	-1023804	20140320	http://sithi.org/temp.php?url=news_detail.php&mid=11310&&utm_source=feedburner&utm_medium=feed&utm_campaign=Feed%3A+sithi%2Fnews+%28SITHI+Portal+%28Human+Rights+in+the+News%29%29
290184753	20140319	201403	2014	2014.2164	LAB	WORKER						LAB			KHM	CAMBODIA	KHM								1	191	191	19	4	-9.5	1	1	1	2.58620689655172	4	Kompong Speu, KâóSpoe, Cambodia	CB	CB04	11.4533	104.521	-1023804	4	Kompong Speu, KâóSpoe, Cambodia	CB	CB04	11.4533	104.521	-1023804	4	Kompong Speu, KâóSpoe, Cambodia	CB	CB04	11.4533	104.521	-1023804	20140320	http://sithi.org/temp.php?url=news_detail.php&mid=11310&&utm_source=feedburner&utm_medium=feed&utm_campaign=Feed%3A+sithi%2Fnews+%28SITHI+Portal+%28Human+Rights+in+the+News%29%29
290184770	20140319	201403	2014	2014.2164	LEG	CHAMBER						LEG			COP	POLICE						COP			1	174	174	17	4	-5.0	10	1	10	1.26582278481013	4	Villa Lugano, Distrito Federal, Argentina	AR	AR07	-34.6791	-58.4726	-1019018	4	Villa Lugano, Distrito Federal, Argentina	AR	AR07	-34.6791	-58.4726	-1019018	4	Villa Lugano, Distrito Federal, Argentina	AR	AR07	-34.6791	-58.4726	-1019018	20140320	http://www.buenosairesherald.com/article/154945/city-lawmakers-sign-request-to-stop-villa-lugano-eviction
290184792	20140319	201403	2014	2014.2164	LEG	PARLIAMENT						LEG			may	MALAYS			may						0	1821	182	18	4	-9.0	18	2	18	0.655237635317316	1	China	CH	CH	35	105	CH	1	China	CH	CH	35	105	CH	1	China	CH	CH	35	105	CH	20140320	http://news.malaysia.msn.com/tmi/dap-threatens-to-haul-deputy-minister-before-rights-committee-over-child-rape-remarks
290184793	20140319	201403	2014	2014.2164	LEG	PARLIAMENT						LEG			may	MALAYS			may						0	1821	182	18	4	-9.0	2	1	2	0.727272727272727	1	Malaysia	MY	MY	2.5	112.5	MY	1	China	CH	CH	35	105	CH	1	China	CH	CH	35	105	CH	20140320	http://news.malaysia.msn.com/tmi/dap-threatens-to-haul-deputy-minister-before-rights-committee-over-child-rape-remarks
290184840	20140319	201403	2014	2014.2164	MED	SPOKESMAN						MED			BUS	COMPANY						BUS			1	141	141	14	3	-6.5	8	1	8	0.574712643678161	4	Caribe, MonseñNouel, Dominican Republic	DR	DR31	18.9677	-70.3831	-3348965	4	Caribe, MonseñNouel, Dominican Republic	DR	DR31	18.9677	-70.3831	-3348965	4	Caribe, MonseñNouel, Dominican Republic	DR	DR31	18.9677	-70.3831	-3348965	20140320	http://www.dominicantoday.com/dr/local/2014/3/20/50916/Wildcat-strike-halts-fuel-dispatch-from-Dominican-Republic-refinery
290184841	20140319	201403	2014	2014.2164	MED	SPOKESMAN						MED			BUS	COMPANY						BUS			1	173	173	17	4	-5.0	6	1	6	0.574712643678161	4	Caribe, MonseñNouel, Dominican Republic	DR	DR31	18.9677	-70.3831	-3348965	4	Caribe, MonseñNouel, Dominican Republic	DR	DR31	18.9677	-70.3831	-3348965	4	Caribe, MonseñNouel, Dominican Republic	DR	DR31	18.9677	-70.3831	-3348965	20140320	http://www.dominicantoday.com/dr/local/2014/3/20/50916/Wildcat-strike-halts-fuel-dispatch-from-Dominican-Republic-refinery
290184938	20140319	201403	2014	2014.2164	NGA	LAGOS	NGA																		1	193	193	19	4	-10.0	10	1	10	2.06185567010309	4	Lagos, Lagos, Nigeria	NI	NI05	6.45306	3.39583	-2017355	0							4	Lagos, Lagos, Nigeria	NI	NI05	6.45306	3.39583	-2017355	20140320	http://allafrica.com/stories/201403200321.html
290184940	20140319	201403	2014	2014.2164	NGA	BENIN CITY	NGA								COP	POLICE						COP			1	193	193	19	4	-10.0	2	1	2	1.77777777777778	5	Edo State, Edo, Nigeria	NI	NI37	6.5	6	29623	5	Edo State, Edo, Nigeria	NI	NI37	6.5	6	29623	5	Edo State, Edo, Nigeria	NI	NI37	6.5	6	29623	20140320	http://leadership.ng/news/357528/police-foil-kidnap-attempt-pregnant-woman-kills-3
290184943	20140319	201403	2014	2014.2164	NGA	MAIDUGURI	NGA								EDU	SCHOOL						EDU			1	1721	172	17	4	-5.0	2	1	2	0.740740740740741	4	Maiduguri, Borno, Nigeria	NI	NI27	11.8464	13.1603	-2018369	5	Borno State, Borno, Nigeria	NI	NI27	11.5	13	-2003010	5	Borno State, Borno, Nigeria	NI	NI27	11.5	13	-2003010	20140320	http://allafrica.com/stories/201403201390.html
290184952	20140319	201403	2014	2014.2164	NGA	BENIN CITY	NGA								NGACOP	NIGERIA	NGA					COP			1	193	193	19	4	-10.0	4	1	4	1.77777777777778	5	Edo State, Edo, Nigeria	NI	NI37	6.5	6	29623	5	Edo State, Edo, Nigeria	NI	NI37	6.5	6	29623	5	Edo State, Edo, Nigeria	NI	NI37	6.5	6	29623	20140320	http://leadership.ng/news/357528/police-foil-kidnap-attempt-pregnant-woman-kills-3
290184959	20140319	201403	2014	2014.2164	NGACOP	NIGERIA	NGA					COP			NGA	BENIN CITY	NGA								1	181	181	18	4	-9.0	4	1	4	1.77777777777778	5	Edo State, Edo, Nigeria	NI	NI37	6.5	6	29623	1	Benin	BN	BN	9.5	2.25	BN	5	Edo State, Edo, Nigeria	NI	NI37	6.5	6	29623	20140320	http://leadership.ng/news/357528/police-foil-kidnap-attempt-pregnant-woman-kills-3
290184960	20140319	201403	2014	2014.2164	NGAEDU	MAIDUGURI	NGA					EDU			EDU	SCHOOL						EDU			1	1721	172	17	4	-5.0	8	1	8	0.740740740740741	4	Maiduguri, Borno, Nigeria	NI	NI27	11.8464	13.1603	-2018369	5	Borno State, Borno, Nigeria	NI	NI27	11.5	13	-2003010	5	Borno State, Borno, Nigeria	NI	NI27	11.5	13	-2003010	20140320	http://allafrica.com/stories/201403201390.html
290184989	20140319	201403	2014	2014.2164	NZL	NEW ZEALANDER	NZL								AUS	AUSTRALIA	AUS								1	173	173	17	4	-5.0	4	2	4	0.92720746058767	1	New Zealand	NZ	NZ	-41	174	NZ	4	Perth, Western Australia, Australia	AS	AS08	-31.9333	115.833	-1594675	4	Perth, Western Australia, Australia	AS	AS08	-31.9333	115.833	-1594675	20140320	http://www.odt.co.nz/news/world/295967/best-lead-we-have-right-now
290185024	20140319	201403	2014	2014.2164	PHL	PHILIPPINE	PHL								AUS	AUSTRALIA	AUS								1	173	173	17	4	-5.0	1	1	1	1.03092783505155	4	Zamboanga, Zamboanga, Philippines	RP	RPG7	6.91025	122.072	-2460321	4	Paranaque City, City of Paranaque, Philippines	RP	RPL7	14.4998	120.992	-2444838	4	Zamboanga, Zamboanga, Philippines	RP	RPG7	6.91025	122.072	-2460321	20140320	http://www.tempo.com.ph/2014/03/kfr-gang-leader-captured-in-pque/
290185025	20140319	201403	2014	2014.2164	PHL	PHILIPPINE	PHL								AUS	AUSTRALIA	AUS								1	173	173	17	4	-5.0	3	1	3	1.03092783505155	4	Zamboanga, Zamboanga, Philippines	RP	RPG7	6.91025	122.072	-2460321	4	Zamboanga, Zamboanga, Philippines	RP	RPG7	6.91025	122.072	-2460321	4	Zamboanga, Zamboanga, Philippines	RP	RPG7	6.91025	122.072	-2460321	20140320	http://www.tempo.com.ph/2014/03/kfr-gang-leader-captured-in-pque/
290185039	20140319	201403	2014	2014.2164	PHLGOV	PHILIPPINE	PHL					GOV			BUS	CORPORATION						BUS			1	173	173	17	4	-5.0	1	1	1	1.52671755725191	5	Tarlac City, City of Tarlac, Philippines	RP	RPO3	15.45	120.433	-2456910	4	Mapalacsiao, City of Tarlac, Philippines	RP	RPO3	15.4286	120.651	-2438250	4	Hacienda Luisita, Cadiz, Philippines	RP	RPB1	10.9582	123.177	10754076	20140320	http://bulatlat.com/main/2014/03/21/luisita-farmers-file-another-case-vs-cojuangco-aquinos-before-doj/
290185055	20140319	201403	2014	2014.2164	PSE	WEST BANK	PSE								ISR	ISRAEL	ISR								0	193	193	19	4	-10.0	4	1	4	1.74825174825175	4	Asira, West Bank (general), West Bank	WE	WE00	32.2512	35.2672	-793572	1	Israel	IS	IS	31.5	34.75	IS	1	Israel	IS	IS	31.5	34.75	IS	20140320	http://palsolidarity.org/2014/03/the-remains-of-martyr-ahmad-saleh-finally-returned-to-family/
290185076	20140319	201403	2014	2014.2164	QAT	QATAR	QAT								BGDELIOPP	KHALEDA ZIA	BGD					ELI	OPP		1	173	173	17	4	-5.0	2	1	2	2.0979020979021	4	Dhaka, Dhaka, Bangladesh	BG	BG81	23.7231	90.4086	-2737683	4	Dhaka, Dhaka, Bangladesh	BG	BG81	23.7231	90.4086	-2737683	4	Dhaka, Dhaka, Bangladesh	BG	BG81	23.7231	90.4086	-2737683	20140320	http://thepeninsulaqatar.com/news/asia/276805/zia-s-graft-trial-to-begin-on-apr-21
290185134	20140319	201403	2014	2014.2164	RUS	RUSSIAN	RUS								UKRMIL	UKRAINE	UKR					MIL			0	173	173	17	4	-5.0	2	1	2	3.7280701754386	1	Russia	RS	RS	60	100	RS	1	Germany	GM	GM	51	9	GM	1	Ukraine	UP	UP	49	32	UP	20140320	http://www.standard.co.uk/news/world/david-cameron-backs-deeper-defence-ties-to-ukraine-9204979.html
290185135	20140319	201403	2014	2014.2164	RUS	RUSSIAN	RUS								UKRMIL	UKRAINE	UKR					MIL			0	173	173	17	4	-5.0	8	1	8	3.7280701754386	1	Russia	RS	RS	60	100	RS	1	Ukraine	UP	UP	49	32	UP	1	Russia	RS	RS	60	100	RS	20140320	http://www.standard.co.uk/news/world/david-cameron-backs-deeper-defence-ties-to-ukraine-9204979.html
290185170	20140319	201403	2014	2014.2164	SGP	SINGAPORE	SGP								IDN	INDONESIAN	IDN								1	173	173	17	4	-5.0	8	1	8	0	4	Victoria Park, Singapore (general), Singapore	SN	SN00	1.32028	103.802	-73740	5	Central Java, Jawa Tengah, Indonesia	ID	ID07	-7.5	110	-2679924	5	Central Java, Jawa Tengah, Indonesia	ID	ID07	-7.5	110	-2679924	20140320	http://www.todayonline.com/singapore/victoria-park-murder-maid-charged-murdering-socialite
290185171	20140319	201403	2014	2014.2164	SGP	SINGAPORE	SGP								IDN	INDONESIA	IDN								1	173	173	17	4	-5.0	2	1	2	0	4	Victoria Park, Singapore (general), Singapore	SN	SN00	1.32028	103.802	-73740	4	Victoria Park, Singapore (general), Singapore	SN	SN00	1.32028	103.802	-73740	5	Central Java, Jawa Tengah, Indonesia	ID	ID07	-7.5	110	-2679924	20140320	http://www.todayonline.com/singapore/victoria-park-murder-maid-charged-murdering-socialite
290185175	20140319	201403	2014	2014.2164	SLEJUD	SIERRA LEONE	SLE					JUD			MED	WEBSITE						MED			1	173	173	17	4	-5.0	1	1	1	0.909090909090909	4	Freetown, Western Area, Sierra Leone	SL	SL04	8.49	-13.2342	-1315606	4	Freetown, Western Area, Sierra Leone	SL	SL04	8.49	-13.2342	-1315606	4	Freetown, Western Area, Sierra Leone	SL	SL04	8.49	-13.2342	-1315606	20140320	http://news.sl/drwebsite/publish/article_200524978.shtml
290185176	20140319	201403	2014	2014.2164	SLEJUD	SIERRA LEONE	SLE					JUD			SLE	SIERRA LEONE	SLE								1	173	173	17	4	-5.0	1	1	1	0.909090909090909	4	Freetown, Western Area, Sierra Leone	SL	SL04	8.49	-13.2342	-1315606	4	Freetown, Western Area, Sierra Leone	SL	SL04	8.49	-13.2342	-1315606	4	Freetown, Western Area, Sierra Leone	SL	SL04	8.49	-13.2342	-1315606	20140320	http://news.sl/drwebsite/publish/article_200524978.shtml
290185179	20140319	201403	2014	2014.2164	SYR	SYRIAN	SYR																		1	195	195	19	4	-10.0	10	1	10	1.20481927710843	4	Qalamun, Rif Dimashq, Syria	SY	SY08	34.1001	36.7057	-2538709	0							4	Qalamun, Rif Dimashq, Syria	SY	SY08	34.1001	36.7057	-2538709	20140320	http://www.ptinews.com/news/4518309_Syria-air-force-raids-Lebanon-s-Arsal--security-.html
290185187	20140319	201403	2014	2014.2164	THA	PHATTHALUNG	THA								CRM	ILLEGAL IMMIGRANT						CRM			0	173	173	17	4	-5.0	80	2	80	0.937549263531622	4	Phatthalung, Phatthalung, Thailand	TH	TH66	7.61786	100.078	-3252826	4	Phatthalung, Phatthalung, Thailand	TH	TH66	7.61786	100.078	-3252826	4	Phatthalung, Phatthalung, Thailand	TH	TH66	7.61786	100.078	-3252826	20140320	http://www.brudirect.com/0-southeast-asia/southeast-asia-thailand/item/272-police-close-in-on-smugglers/RS=%5EADAOXNjt2Ly6pKO5zPGzxRGnhPCvYE-
290185188	20140319	201403	2014	2014.2164	THA	THAILAND	THA								KHM	CAMBODIA	KHM								1	173	173	17	4	-5.0	1	1	1	0.909090909090909	4	Preah, KâóThum, Cambodia	CB	CB05	13.5943	105.063	-1028841	1	Thailand	TH	TH	15	100	TH	1	Thailand	TH	TH	15	100	TH	20140320	http://www.phnompenhpost.com/national/cambodian-illegal-loggers-repatriated
290185189	20140319	201403	2014	2014.2164	THA	THAILAND	THA								KHM	CAMBODIA	KHM								1	173	173	17	4	-5.0	1	1	1	0.909090909090909	1	Thailand	TH	TH	15	100	TH	4	Preah, KâóThum, Cambodia	CB	CB05	13.5943	105.063	-1028841	4	Preah, KâóThum, Cambodia	CB	CB05	13.5943	105.063	-1028841	20140320	http://www.phnompenhpost.com/national/cambodian-illegal-loggers-repatriated
290185190	20140319	201403	2014	2014.2164	THA	THAILAND	THA								KHM	CAMBODIA	KHM								1	173	173	17	4	-5.0	1	1	1	0.909090909090909	1	Thailand	TH	TH	15	100	TH	4	Preah, KâóThum, Cambodia	CB	CB05	13.5943	105.063	-1028841	1	Thailand	TH	TH	15	100	TH	20140320	http://www.phnompenhpost.com/national/cambodian-illegal-loggers-repatriated
290185191	20140319	201403	2014	2014.2164	THA	THAILAND	THA								KHM	CAMBODIAN	KHM								1	173	173	17	4	-5.0	2	1	2	0.909090909090909	1	Thailand	TH	TH	15	100	TH	1	Thailand	TH	TH	15	100	TH	1	Thailand	TH	TH	15	100	TH	20140320	http://www.phnompenhpost.com/national/cambodian-illegal-loggers-repatriated
290185223	20140319	201403	2014	2014.2164	UAF	GUNMEN						UAF			FSM	FEDERATED STATES OF MICRONESIA	FSM								1	181	181	18	4	-9.0	10	1	10	2.31481481481481	1	Micronesia	FM	FM	6.9167	158.25	FM	1	Micronesia	FM	FM	6.9167	158.25	FM	1	Micronesia	FM	FM	6.9167	158.25	FM	20140320	http://www.thisdaylive.com/articles/kidnapped-wazobia-fm-presenter-akas-baba-regains-freedom/174197/
290185224	20140319	201403	2014	2014.2164	UGA	UGANDAN	UGA																		0	141	141	14	3	-6.5	2	1	2	1.03305785123967	1	Uganda	UG	UG	1	32	UG	0							1	Botswana	BC	BC	-22	24	BC	20140320	http://www.sundaystandard.info/article.php?NewsID=19467&GroupID=1
290185225	20140319	201403	2014	2014.2164	UGA	UGANDAN	UGA																		0	141	141	14	3	-6.5	2	1	2	1.03305785123967	1	Uganda	UG	UG	1	32	UG	0							1	Uganda	UG	UG	1	32	UG	20140320	http://www.sundaystandard.info/article.php?NewsID=19467&GroupID=1
290185226	20140319	201403	2014	2014.2164	UGA	UGANDAN	UGA								BWAREF	BOTSWANA	BWA					REF			0	141	141	14	3	-6.5	4	1	4	1.03305785123967	1	Uganda	UG	UG	1	32	UG	1	Botswana	BC	BC	-22	24	BC	1	Uganda	UG	UG	1	32	UG	20140320	http://www.sundaystandard.info/article.php?NewsID=19467&GroupID=1
290185230	20140319	201403	2014	2014.2164	UGAREF	UGANDA	UGA					REF													0	141	141	14	3	-6.5	2	1	2	1.03305785123967	1	Uganda	UG	UG	1	32	UG	0							1	Botswana	BC	BC	-22	24	BC	20140320	http://www.sundaystandard.info/article.php?NewsID=19467&GroupID=1
290185231	20140319	201403	2014	2014.2164	UGAREF	UGANDAN	UGA					REF													0	141	141	14	3	-6.5	4	1	4	1.03305785123967	1	Uganda	UG	UG	1	32	UG	0							1	Uganda	UG	UG	1	32	UG	20140320	http://www.sundaystandard.info/article.php?NewsID=19467&GroupID=1
290185232	20140319	201403	2014	2014.2164	UGAREF	UGANDAN	UGA					REF			BWAREF	BOTSWANA	BWA					REF			0	141	141	14	3	-6.5	6	1	6	1.03305785123967	1	Uganda	UG	UG	1	32	UG	1	Botswana	BC	BC	-22	24	BC	1	Uganda	UG	UG	1	32	UG	20140320	http://www.sundaystandard.info/article.php?NewsID=19467&GroupID=1
290185242	20140319	201403	2014	2014.2164	UKR	UKRAINIAN	UKR																		1	152	152	15	4	-7.2	10	1	10	2.37467018469657	4	Kiev, Ukraine (general), Ukraine	UP	UP00	50.4333	30.5167	-1044367	0							4	Kiev, Ukraine (general), Ukraine	UP	UP00	50.4333	30.5167	-1044367	20140320	http://www.themalaysianinsider.com/world/article/us-eyes-military-supplies-for-ukraine-seeks-to-avoid-escalation
290185243	20140319	201403	2014	2014.2164	UKR	UKRAINE	UKR								COP	POLICE						COP			1	193	193	19	4	-10.0	6	1	6	0.605449041372351	4	Simferopol, Krym, Avtonomna Respublika, Ukraine	UP	UP11	44.9572	34.1108	-1054041	4	Crimea, Krym, Avtonomna Respublika, Ukraine	UP	UP11	45	34	-1043950	4	Crimea, Krym, Avtonomna Respublika, Ukraine	UP	UP11	45	34	-1043950	20140320	http://voiceofrussia.com/news/2014_03_20/Simferopol-shooter-detained-Crimean-1st-deputy-PM-8213/
290185244	20140319	201403	2014	2014.2164	UKR	UKRAINE	UKR								COP	POLICE						COP			1	193	193	19	4	-10.0	2	1	2	0.605449041372351	4	Simferopol, Krym, Avtonomna Respublika, Ukraine	UP	UP11	44.9572	34.1108	-1054041	4	Crimea, Krym, Avtonomna Respublika, Ukraine	UP	UP11	45	34	-1043950	4	Simferopol, Krym, Avtonomna Respublika, Ukraine	UP	UP11	44.9572	34.1108	-1054041	20140320	http://voiceofrussia.com/news/2014_03_20/Simferopol-shooter-detained-Crimean-1st-deputy-PM-8213/
290185253	20140319	201403	2014	2014.2164	UKR	UKRAINIAN	UKR								MIL	MILITARY						MIL			1	152	152	15	4	-7.2	2	1	2	1.65289256198347	1	Ukraine	UP	UP	49	32	UP	1	Ukraine	UP	UP	49	32	UP	1	Ukraine	UP	UP	49	32	UP	20140320	http://www.themalaysianinsider.com/world/article/no-plans-to-cross-into-eastern-ukraine-says-russia
290185294	20140319	201403	2014	2014.2164	UKROPP	UKRAINIAN	UKR					OPP													0	1822	182	18	4	-9.0	6	2	6	3.34161330283217	4	Kiev, Ukraine (general), Ukraine	UP	UP00	50.4333	30.5167	-1044367	0							4	Moscow, Moskva, Russia	RS	RS48	55.7522	37.6156	-2960561	20140320	http://www.aljazeera.com/indepth/opinion/2014/03/ukraine-crisis-will-drumbeat-lea-20143205195586929.html
290185320	20140319	201403	2014	2014.2164	USA	PORTLAND	USA																		1	192	192	19	4	-9.5	7	1	7	2.69662921348315	2	Nevada, United States	US	USNV	38.4199	-117.122	NV	0							2	Nevada, United States	US	USNV	38.4199	-117.122	NV	20140320	http://www.salem-news.com/articles/march192014/border-cross.php
290185321	20140319	201403	2014	2014.2164	USA	PORTLAND	USA																		1	192	192	19	4	-9.5	1	1	1	2.69662921348315	1	Spain	SP	SP	40	-4	SP	0							2	Nevada, United States	US	USNV	38.4199	-117.122	NV	20140320	http://www.salem-news.com/articles/march192014/border-cross.php
290185322	20140319	201403	2014	2014.2164	USA	UNITED STATES	USA																		1	193	193	19	4	-10.0	4	1	4	4.0650406504065	2	Florida, United States	US	USFL	27.8333	-81.717	FL	0							3	Key West, Florida, United States	US	USFL	24.5557	-81.7826	294048	20140320	http://www.express.co.uk/news/showbiz/465848/Charlize-Theron-flaunts-her-enviable-bikini-body-during-beachside-photo-shoot-in-Florida?utm_source=feedburner&utm_medium=feed&utm_campaign=Feed%3A+daily-express-news-showbiz+%28Daily+Express+%3A%3A+News+%2F+Sh
290185325	20140319	201403	2014	2014.2164	USA	RHODE ISLAND	USA								AUS	VICTORIA	AUS								1	193	193	19	4	-10.0	4	1	4	2.46913580246914	2	Massachusetts, United States	US	USMA	42.2373	-71.5314	MA	2	Rhode Island, United States	US	USRI	41.6772	-71.5101	RI	2	Massachusetts, United States	US	USMA	42.2373	-71.5314	MA	20140320	http://www.providencejournal.com/business/press-releases/20140320-500000-jury-verdict-awarded-to-nurse-injured-at-r.i.-veterans-home.ece
290185326	20140319	201403	2014	2014.2164	USA	UNITED STATES	USA								AUS	VICTORIA	AUS								1	193	193	19	4	-10.0	2	1	2	2.46913580246914	2	Massachusetts, United States	US	USMA	42.2373	-71.5314	MA	2	Rhode Island, United States	US	USRI	41.6772	-71.5101	RI	2	Rhode Island, United States	US	USRI	41.6772	-71.5101	RI	20140320	http://www.providencejournal.com/business/press-releases/20140320-500000-jury-verdict-awarded-to-nurse-injured-at-r.i.-veterans-home.ece
290185327	20140319	201403	2014	2014.2164	USA	RHODE ISLAND	USA								AUS	VICTORIA	AUS								1	193	193	19	4	-10.0	1	1	1	2.46913580246914	2	Rhode Island, United States	US	USRI	41.6772	-71.5101	RI	2	Rhode Island, United States	US	USRI	41.6772	-71.5101	RI	2	Massachusetts, United States	US	USMA	42.2373	-71.5314	MA	20140320	http://www.providencejournal.com/business/press-releases/20140320-500000-jury-verdict-awarded-to-nurse-injured-at-r.i.-veterans-home.ece
290185328	20140319	201403	2014	2014.2164	USA	RHODE ISLAND	USA								AUS	VICTORIA	AUS								1	193	193	19	4	-10.0	1	1	1	2.46913580246914	2	Rhode Island, United States	US	USRI	41.6772	-71.5101	RI	2	Rhode Island, United States	US	USRI	41.6772	-71.5101	RI	2	Rhode Island, United States	US	USRI	41.6772	-71.5101	RI	20140320	http://www.providencejournal.com/business/press-releases/20140320-500000-jury-verdict-awarded-to-nurse-injured-at-r.i.-veterans-home.ece
290185332	20140319	201403	2014	2014.2164	USA	LOUISVILLE	USA								BUS	COMPANY						BUS			1	173	173	17	4	-5.0	10	1	10	5.53505535055351	1	Saudi Arabia	SA	SA	25	45	SA	1	Saudi Arabia	SA	SA	25	45	SA	1	Saudi Arabia	SA	SA	25	45	SA	20140320	http://www.prweb.com/releases/2014/03/prweb11678018.htm
290185333	20140319	201403	2014	2014.2164	USA	ST. LOUIS	USA								BUS	BANK						BUS			1	193	193	19	4	-10.0	10	1	10	0	0							0							0							20140320	http://stlouis.cbslocal.com/2014/03/20/florissant-bank-robbery-suspect-dies/
290185353	20140319	201403	2014	2014.2164	USA	UNITED STATES	USA								JUD	CHIEF JUSTICE						JUD			0	173	173	17	4	-5.0	4	1	4	4.06032482598608	1	United States	US	US	38	-97	US	1	United States	US	US	38	-97	US	1	United States	US	US	38	-97	US	20140320	http://www.observer.org.sz/news/60014-us-embassy-worried-about-makhubu-maseko-arrest.html
290185375	20140319	201403	2014	2014.2164	USA	UNITED STATES	USA								RUS	RUSSIAN	RUS								1	163	163	16	4	-8.0	2	1	2	1.47368421052632	4	Rossiya, Orenburgskaya Oblast', Russia	RS	RS55	52.4	54.9833	-2993111	1	Ukraine	UP	UP	49	32	UP	4	Rossiya, Orenburgskaya Oblast', Russia	RS	RS55	52.4	54.9833	-2993111	20140320	http://www.swissinfo.ch/eng/news/business/Obama_Hits_Back_at_Putin_With_Gunvor_Oil_Billionaire_Sanctions.html?cid=38208396
290185376	20140319	201403	2014	2014.2164	USA	UNITED STATES	USA								RUS	RUSSIAN	RUS								1	163	163	16	4	-8.0	8	1	8	1.47368421052632	4	Rossiya, Orenburgskaya Oblast', Russia	RS	RS55	52.4	54.9833	-2993111	1	Ukraine	UP	UP	49	32	UP	1	Ukraine	UP	UP	49	32	UP	20140320	http://www.swissinfo.ch/eng/news/business/Obama_Hits_Back_at_Putin_With_Gunvor_Oil_Billionaire_Sanctions.html?cid=38208396
290185383	20140319	201403	2014	2014.2164	USA	UNITED STATES	USA								UKR	CRIMEA	UKR								1	192	192	19	4	-9.5	20	2	20	0.561797752808989	2	New York, United States	US	USNY	42.1497	-74.9384	NY	1	Russia	RS	RS	60	100	RS	1	Russia	RS	RS	60	100	RS	20140320	http://www.bloomberg.com/news/2014-03-21/wti-oil-heads-for-third-weekly-drop-amid-rising-crude-supplies.html
290185391	20140319	201403	2014	2014.2164	USA	RHODE ISLAND	USA								USAJUD	PROVIDENCE	USA					JUD			1	193	193	19	4	-10.0	1	1	1	2.46913580246914	2	Rhode Island, United States	US	USRI	41.6772	-71.5101	RI	2	Rhode Island, United States	US	USRI	41.6772	-71.5101	RI	2	Massachusetts, United States	US	USMA	42.2373	-71.5314	MA	20140320	http://www.providencejournal.com/business/press-releases/20140320-500000-jury-verdict-awarded-to-nurse-injured-at-r.i.-veterans-home.ece
290185392	20140319	201403	2014	2014.2164	USA	RHODE ISLAND	USA								USAJUD	PROVIDENCE	USA					JUD			1	193	193	19	4	-10.0	1	1	1	2.46913580246914	2	Rhode Island, United States	US	USRI	41.6772	-71.5101	RI	2	Rhode Island, United States	US	USRI	41.6772	-71.5101	RI	2	Rhode Island, United States	US	USRI	41.6772	-71.5101	RI	20140320	http://www.providencejournal.com/business/press-releases/20140320-500000-jury-verdict-awarded-to-nurse-injured-at-r.i.-veterans-home.ece
290185394	20140319	201403	2014	2014.2164	USA	A US	USA								USAMIL	A US	USA					MIL			0	154	154	15	4	-7.2	150	2	150	1.18762947075106	4	Perth, Western Australia, Australia	AS	AS08	-31.9333	115.833	-1594675	4	Perth, Western Australia, Australia	AS	AS08	-31.9333	115.833	-1594675	4	Perth, Western Australia, Australia	AS	AS08	-31.9333	115.833	-1594675	20140320	http://www.nst.com.my/nation/general/hisham-we-must-confirm-lead-1.524086?cache=03%2F7.188446%3Fkey%3DKuala+Lumpur%3Fpage%3D0%2F7.285147%2F7.442086%2F7.442086%2F7.478238%2F7.490557%2F7.490557%2F7.490557%2F7.490557%2F7.490557%2F7.541994%2F7.557712%2F7.5577
290185427	20140319	201403	2014	2014.2164	USAJUD	INDIANA	USA					JUD			IRL	CORK	IRL								1	173	173	17	4	-5.0	10	1	10	2.85714285714286	2	Indiana, United States	US	USIN	39.8647	-86.2604	IN	2	Indiana, United States	US	USIN	39.8647	-86.2604	IN	2	Indiana, United States	US	USIN	39.8647	-86.2604	IN	20140320	http://www.thejournal.ie/cork-funfair-rapist-1370011-Mar2014/
290185441	20140319	201403	2014	2014.2164	USAMED	REUTERS	USA					MED			RUSGOV	VLADIMIR PUTIN	RUS					GOV			1	163	163	16	4	-8.0	5	1	5	1.96506550218341	4	Moscow, Moskva, Russia	RS	RS48	55.7522	37.6156	-2960561	4	Kiev, Ukraine (general), Ukraine	UP	UP00	50.4333	30.5167	-1044367	4	Kiev, Ukraine (general), Ukraine	UP	UP00	50.4333	30.5167	-1044367	20140320	http://www.themalaysianinsider.com/world/article/west-ups-sanctions-over-crisis-russia-hits-back
290185450	20140319	201403	2014	2014.2164	ZAF	MPUMALANGA	ZAF																		1	1821	182	18	4	-9.0	5	1	5	0.613496932515337	0							0							0							20140320	http://www.legalbrief.co.za/article.php?story=20140319084403557
290185451	20140319	201403	2014	2014.2164	ZAF	JOHANNESBURG	ZAF								AFR	AFRICA	AFR								1	141	141	14	3	-6.5	4	2	4	2.76923076923077	4	Pietermaritzburg, KwaZulu-Natal, South Africa	SF	SF02	-29.6168	30.3928	-1272393	4	Pietermaritzburg, KwaZulu-Natal, South Africa	SF	SF02	-29.6168	30.3928	-1272393	4	Pietermaritzburg, KwaZulu-Natal, South Africa	SF	SF02	-29.6168	30.3928	-1272393	20140320	http://www.bloomberg.com/news/2014-03-20/south-african-labor-party-to-emerge-ex-president-s-brother-says.html
290185454	20140319	201403	2014	2014.2164	ZAF	JOHANNESBURG	ZAF								ZAFELI	SOUTH AFRICAN	ZAF					ELI			1	141	141	14	3	-6.5	4	2	4	2.76923076923077	4	Pietermaritzburg, KwaZulu-Natal, South Africa	SF	SF02	-29.6168	30.3928	-1272393	4	Pietermaritzburg, KwaZulu-Natal, South Africa	SF	SF02	-29.6168	30.3928	-1272393	4	Pietermaritzburg, KwaZulu-Natal, South Africa	SF	SF02	-29.6168	30.3928	-1272393	20140320	http://www.bloomberg.com/news/2014-03-20/south-african-labor-party-to-emerge-ex-president-s-brother-says.html
290185464	20140319	201403	2014	2014.2164	ZMB	LUSAKA	ZMB								JUDJUD	JUDGE						JUD	JUD		1	173	173	17	4	-5.0	2	1	2	0.710900473933649	4	Lusaka, Lusaka, Zambia	ZA	ZA09	-15.4167	28.2833	-2291861	4	Lusaka, Lusaka, Zambia	ZA	ZA09	-15.4167	28.2833	-2291861	4	Lusaka, Lusaka, Zambia	ZA	ZA09	-15.4167	28.2833	-2291861	20140320	http://postzambia.com/post-read_article.php?articleId=46571
290185467	20140319	201403	2014	2014.2164	ZMB	LUSAKA	ZMB								ZMBJUD	ZAMBIA	ZMB					JUD			1	173	173	17	4	-5.0	2	1	2	0.710900473933649	4	Lusaka, Lusaka, Zambia	ZA	ZA09	-15.4167	28.2833	-2291861	4	Lusaka, Lusaka, Zambia	ZA	ZA09	-15.4167	28.2833	-2291861	4	Lusaka, Lusaka, Zambia	ZA	ZA09	-15.4167	28.2833	-2291861	20140320	http://postzambia.com/post-read_article.php?articleId=46571
290185473	20140319	201403	2014	2014.2164	ZMBJUD	LUSAKA	ZMB					JUD			JUDJUD	JUDGE						JUD	JUD		1	173	173	17	4	-5.0	6	1	6	0.710900473933649	4	Lusaka, Lusaka, Zambia	ZA	ZA09	-15.4167	28.2833	-2291861	4	Lusaka, Lusaka, Zambia	ZA	ZA09	-15.4167	28.2833	-2291861	4	Lusaka, Lusaka, Zambia	ZA	ZA09	-15.4167	28.2833	-2291861	20140320	http://postzambia.com/post-read_article.php?articleId=46571
290185484	20140319	201403	2014	2014.2164	crh	CRIMEAN TATAR			crh						UKROPP	UKRAINIAN	UKR					OPP			0	1822	182	18	4	-9.0	8	2	8	3.34161330283217	4	Kiev, Ukraine (general), Ukraine	UP	UP00	50.4333	30.5167	-1044367	4	Kiev, Ukraine (general), Ukraine	UP	UP00	50.4333	30.5167	-1044367	4	Moscow, Moskva, Russia	RS	RS48	55.7522	37.6156	-2960561	20140320	http://www.aljazeera.com/indepth/opinion/2014/03/ukraine-crisis-will-drumbeat-lea-20143205195586929.html
290185485	20140319	201403	2014	2014.2164	crh	CRIMEAN TATAR			crh						UKROPP	UKRAINE	UKR					OPP			0	1822	182	18	4	-9.0	2	2	2	3.34161330283218	4	Kiev, Ukraine (general), Ukraine	UP	UP00	50.4333	30.5167	-1044367	4	Crimea, Villa Clara, Cuba	CU	CU16	22.9	-80.35	-1618979	4	Kiev, Ukraine (general), Ukraine	UP	UP00	50.4333	30.5167	-1044367	20140320	http://www.aljazeera.com/indepth/opinion/2014/03/ukraine-crisis-will-drumbeat-lea-20143205195586929.html
